{"loss": 0.9146509170532227, "ssim": 0.08534908294677734, "_timestamp": 1682462779.4194775, "_runtime": 896.2235054969788, "_step": 1, "_wandb": {"runtime": 979}}