{"loss": 0.010632291436195374, "ssim": 0.9893677085638046, "num_features": 1024, "_timestamp": 1682986299.7951417, "_runtime": 36.91541266441345, "_step": 0, "_wandb": {"runtime": 36}}