{"loss": NaN, "ssim": 0.6640820774979487, "_timestamp": 1682580395.356886, "_runtime": 38902.461853027344, "_step": 0, "_wandb": {"runtime": 68871}}