{"loss": 0.3111083239617974, "ssim": 0.6888916760382026, "num_features": 1024, "_timestamp": 1682983337.2052138, "_runtime": 57.39425587654114, "_step": 0, "_wandb": {"runtime": 56}}