{"loss": NaN, "ssim": 0.16885785623030228, "_timestamp": 1682540881.1951337, "_runtime": 4443.357585668564, "_step": 45, "_wandb": {"runtime": 4479}}