{"loss": 5679.138740371368, "ssim": 0.7449128417846913, "num_features": 2048, "_timestamp": 1682959187.5235887, "_runtime": 347155.02732658386, "_step": 11, "_wandb": {"runtime": 366579}}