{"loss": 5688.559971505511, "ssim": 0.701508107429038, "num_features": 2048, "_timestamp": 1682724793.1316407, "_runtime": 112760.63537859917, "_step": 2}