{"loss": 568.2178497314453, "ssim": 0.617550161977609, "num_features": 2048, "_timestamp": 1683301639.2049024, "_runtime": 44187.3671374321, "_step": 36, "_wandb": {"runtime": 45080}}