{"acc": 0.8272952076328948, "loss": 0.2334693993881874, "_timestamp": 1682461420.421953, "_runtime": 8.784235954284668, "_step": 7, "_wandb": {"runtime": 8}}