{"loss": 0.02207282930612564, "ssim": 0.9779271706938744, "num_features": 1024, "_timestamp": 1682986241.1349437, "_runtime": 93.18918371200562, "_step": 0, "_wandb": {"runtime": 92}}