{"acc": 0.7352630822871191, "loss": 0.23143731655990343, "_timestamp": 1682461371.3970604, "_runtime": 24.491299390792847, "_step": 7, "_wandb": {"runtime": 24}}