{"loss": 0.4172686305310991, "ssim": 0.5827313694689009, "num_features": 1024, "_timestamp": 1682983157.6325457, "_runtime": 81.78634881973267, "_step": 0, "_wandb": {"runtime": 81}}