{"loss": 0.006814106514579372, "ssim": 0.9931858934854206, "num_features": 1024, "_timestamp": 1682983458.6514854, "_runtime": 68.38725852966309, "_step": 0, "_wandb": {"runtime": 67}}